CTA,0.10199464115181399
Roll2,0.048067441361482048
CGA,0.047095761092565212
HelT2,0.044303986180832672
GAC,0.039988458552600081
CAC,0.036927573624392113
CAG,0.034287077264734449
GGA,0.034225920395800816
ATG,0.031630982585341458
Roll2,0.02912921361763246
AAT,0.02908142464794115
MGW,0.025845799456519613
AAA,0.025803111290579831
GCA,0.025571296547560952
ProT,0.025018377830699694
CAA,0.022500142355424586
ACC,0.018763446853668653
Roll2,0.017508229536481831
Roll,0.016860333137778401
MGW,0.016626579848159895
CCC,0.014245779513009258
CCA,0.013607222620619357
TCA,0.013127714472173065
HelT,0.012618472477291981
ATC,0.012536593772951328
Roll2,0.012026163073608041
MGW,0.010304457759603454
ProT,0.010275632595247282
HelT,0.010144513863169063
CTC,0.009628000939181057
MGW2,0.0094347079745661366
GCC,0.0091582713056604422
MGW2,0.0090822418486800928
ACT,0.0090154434796846233
AGG,0.0090137258108825939
CGC,0.008826400812835344
Roll2,0.0080228516432587008
ProT,0.0076672232306963127
ProT,0.0075286963707006911
MGW,0.0074881375632219558
GTA,0.0072507518896807004
AGA,0.0069628259466332689
HelT,0.0067590527276116226
Roll,0.006718001379382825
CCG,0.0061775636043204093
Roll,0.0057802045810214329
GAA,0.0056342817533540056
MGW,0.0054130291384203869
HelT,0.0051124697628697931
HelT,0.0049372444079273077
Roll,0.0047674460626213376
AGC,0.0047430504289293343
HelT,0.0047402568041862887
HelT2,0.0046538908531167352
MGW2,0.0043150714171524994
MGW2,0.0041414874260109411
ATA,0.0036920932189352675
AAC,0.003212172797653783
MGW2,0.0030932274188895394
ProT,0.0030819519861553192
HelT2,0.0029436175097624457
ACA,0.0027618674683102884
HelT2,0.0026379824395894335
MGW,0.0024967557678634922
AAG,0.0023614372890721227
TAA,0.0015389894334018176
Roll2,0.0014725093131031522
HelT2,0.001407840729353792
ProT,0.0013523288636462178
Roll,0.0013006011096217745
Roll,0.0012698551098635181
ACG,0.0011217917267381356
MGW2,0.0010500576339690553
HelT2,0.00011624354178126265
